{
    "avg": {
        "wmc": 1.83,
        "ccn": 1.24,
        "bugs": 0.01,
        "kanDefect": 0.17,
        "relativeSystemComplexity": 12.86,
        "relativeDataComplexity": 0.55,
        "relativeStructuralComplexity": 12.31,
        "volume": 29.76,
        "commentWeight": 36.08,
        "intelligentContent": 30.19,
        "lcom": 1.57,
        "instability": 0.94,
        "afferentCoupling": 0.38,
        "efferentCoupling": 1.64,
        "difficulty": 0.5,
        "mi": 133.35,
        "distance": 0.08,
        "incomingCDep": 0.9,
        "incomingPDep": 0.3,
        "outgoingCDep": 3.9,
        "outgoingPDep": 2.9,
        "classesPerPackage": 4.2
    },
    "sum": {
        "loc": 1021,
        "cloc": 445,
        "lloc": 576,
        "nbMethods": 67,
        "nbClasses": 42,
        "nbInterfaces": 0,
        "nbPackages": 10,
        "violations": {
            "total": 2,
            "information": 0,
            "warning": 2,
            "error": 0,
            "critical": 0
        }
    }
}